Country Code,Indicator Name,Indicator Code,1960,1961,1962,1963,1964,1965,1966,1967,1968,1969,1970,1971,1972,1973,1974,1975,1976,1977,1978,1979,1980,1981,1982,1983,1984,1985,1986,1987,1988,1989,1990,1991,1992,1993,1994,1995,1996,1997,1998,1999,2000,2001,2002,2003,2004,2005,2006,2007,2008,2009,2010,2011,2012,2013,2014,2015,2016,2017,2018,2019,2020,2021,2022,2023,Unnamed: 68
AFG,"International tourism, number of arrivals",ST.INT.ARVL,,,,,,,,,,,,,,,,,,,,,,,,,,,,,,,,,,,,,,,,,,,,,,,,,,,,,,,,,,,,,,,,,
AGO,"International tourism, number of arrivals",ST.INT.ARVL,,,,,,,,,,,,,,,,,,,,,,,,,,,,,,,,,,,,9000.0,21000.0,45000.0,52000.0,45000.0,51000.0,67000.0,91000.0,107000.0,194000.0,210000.0,121000.0,195000.0,294000.0,366000.0,425000.0,481000.0,528000.0,650000.0,595000.0,592000.0,397000.0,261000.0,218000.0,218000.0,,,,,
ALB,"International tourism, number of arrivals",ST.INT.ARVL,,,,,,,,,,,,,,,,,,,,,,,,,,,,,,,,,,,,304000.0,287000.0,119000.0,184000.0,371000.0,317000.0,354000.0,470000.0,557000.0,645000.0,748000.0,937000.0,1127000.0,1420000.0,1856000.0,2417000.0,2932000.0,3514000.0,3256000.0,3673000.0,4131000.0,4736000.0,5118000.0,5927000.0,6406000.0,2658000.0,,,,
ARE,"International tourism, number of arrivals",ST.INT.ARVL,,,,,,,,,,,,,,,,,,,,,,,,,,,,,,,,,,,,,,,,,,,,,,,,,,,,,,,,19313000.0,20894000.0,21805000.0,23092000.0,25282000.0,8084000.0,,,,
ARG,"International tourism, number of arrivals",ST.INT.ARVL,,,,,,,,,,,,,,,,,,,,,,,,,,,,,,,,,,,,2289000.0,2614000.0,2764000.0,3012000.0,2898000.0,2909000.0,2620000.0,2820000.0,2995000.0,3457000.0,3823000.0,4173000.0,4562000.0,4700000.0,4308000.0,6800000.0,6703000.0,6497000.0,6510000.0,7165000.0,6816000.0,6668000.0,6711000.0,6942000.0,7399000.0,,,,,
ARM,"International tourism, number of arrivals",ST.INT.ARVL,,,,,,,,,,,,,,,,,,,,,,,,,,,,,,,,,,,,12000.0,13000.0,23000.0,32000.0,41000.0,45000.0,123000.0,162000.0,206000.0,263000.0,319000.0,382000.0,511000.0,558000.0,575000.0,684000.0,758000.0,963000.0,1084000.0,1204000.0,1192000.0,1260000.0,1495000.0,1652000.0,1894000.0,375000.0,,,,
ASM,"International tourism, number of arrivals",ST.INT.ARVL,,,,,,,,,,,,,,,,,,,,,,,,,,,,,,,,,,,,34000.0,35000.0,26000.0,36000.0,41000.0,44000.0,36000.0,,,,24500.0,25299.9992370605,24100.0003814697,24299.9992370605,23500.0,23100.0003814697,22600.0003814697,22600.0003814697,20799.9992370605,21600.0003814697,20299.9992370605,20100.0003814697,20000.0,20200.0007629395,19200.0007629395,899.999976158142,,,,
ATG,"International tourism, number of arrivals",ST.INT.ARVL,,,,,,,,,,,,,,,,,,,,,,,,,,,,,,,,,,,,447000.0,498000.0,526000.0,570000.0,560000.0,634000.0,624000.0,528000.0,623000.0,769000.0,712000.0,838000.0,935000.0,863000.0,944000.0,788000.0,848000.0,819000.0,777000.0,771000.0,894000.0,874000.0,1040000.0,1064000.0,1035000.0,384500.0,,,,
AUS,"International tourism, number of arrivals",ST.INT.ARVL,,,,,,,,,,,,,,,,,,,,,,,,,,,,,,,,,,,,3726000.0,4165000.0,4318000.0,4167000.0,4459000.0,4931000.0,4856000.0,4841000.0,4746000.0,5215000.0,5499000.0,5532000.0,5644000.0,5586000.0,5490000.0,5790000.0,5771000.0,6032000.0,6482000.0,6922000.0,7449000.0,8269000.0,8815000.0,9246000.0,9466000.0,1828000.0,,,,
AUT,"International tourism, number of arrivals",ST.INT.ARVL,,,,,,,,,,,,,,,,,,,,,,,,,,,,,,,,,,,,17173000.0,17090000.0,16647000.0,17352000.0,17467000.0,17982000.0,18180000.0,18611000.0,19078000.0,19374000.0,19952000.0,20269000.0,20773000.0,21935000.0,21355000.0,22004000.0,23012000.0,24151000.0,24813000.0,25291000.0,26728000.0,28121000.0,29460000.0,30816000.0,31884000.0,15091000.0,,,,
AZE,"International tourism, number of arrivals",ST.INT.ARVL,,,,,,,,,,,,,,,,,,,,,,,,,,,,,,,,,,,,93000.0,210000.0,306000.0,483000.0,602000.0,681000.0,767000.0,834000.0,1038000.0,1279000.0,1177000.0,1194000.0,1333000.0,1899000.0,1830000.0,1963000.0,2239000.0,2484000.0,2509000.0,2298000.0,2006000.0,2249000.0,2697000.0,2850000.0,3170000.0,796000.0,,,,
BDI,"International tourism, number of arrivals",ST.INT.ARVL,,,,,,,,,,,,,,,,,,,,,,,,,,,,,,,,,,,,34000.0,27000.0,11000.0,15000.0,26000.0,29000.0,36000.0,74000.0,74000.0,133000.0,148000.0,214000.0,192000.0,202000.0,212000.0,142000.0,144000.0,147000.0,234000.0,235000.0,131000.0,187000.0,299000.0,,,,,,,
BEL,"International tourism, number of arrivals",ST.INT.ARVL,,,,,,,,,,,,,,,,,,,,,,,,,,,,,,,,,,,,5560000.0,5829000.0,6037000.0,6179000.0,6369000.0,6457000.0,6452000.0,6720000.0,6690000.0,6710000.0,6747000.0,6995000.0,7045000.0,7165000.0,6815000.0,7186000.0,7494000.0,7560000.0,7684000.0,7887000.0,8355000.0,7481000.0,8385000.0,9119000.0,9343000.0,2584000.0,,,,
BEN,"International tourism, number of arrivals",ST.INT.ARVL,,,,,,,,,,,,,,,,,,,,,,,,,,,,,,,,,,,,580000.0,516000.0,541000.0,575000.0,941000.0,1068000.0,1155000.0,853000.0,850000.0,845000.0,960000.0,975000.0,1010000.0,1027000.0,,,222000.0,232000.0,252000.0,265000.0,279000.0,292000.0,307000.0,322000.0,337000.0,,,,,
BFA,"International tourism, number of arrivals",ST.INT.ARVL,,,,,,,,,,,,,,,,,,,,,,,,,,,,,,,,,,,,124000.0,131000.0,138000.0,160000.0,117000.0,126000.0,128000.0,150000.0,163000.0,222000.0,245000.0,264000.0,289000.0,272000.0,269000.0,274000.0,238000.0,237000.0,218000.0,191000.0,163000.0,152000.0,143000.0,144000.0,143000.0,67000.0,,,,
BGD,"International tourism, number of arrivals",ST.INT.ARVL,,,,,,,,,,,,,,,,,,,,,,,,,,,,,,,,,,,,156000.0,166000.0,182000.0,172000.0,173000.0,199000.0,207000.0,207000.0,245000.0,271000.0,208000.0,200000.0,289000.0,467000.0,267000.0,139000.0,157000.0,160000.0,104000.0,134000.0,126000.0,182000.0,237000.0,267000.0,323000.0,,,,,
BGR,"International tourism, number of arrivals",ST.INT.ARVL,,,,,,,,,,,,,,,,,,,,,,,,,,,,,,,,,,,,8005000.0,6811000.0,7543000.0,5240000.0,5056000.0,4922000.0,5104000.0,5563000.0,6241000.0,6982000.0,7282000.0,7499000.0,7726000.0,8533000.0,7873000.0,8374000.0,8713000.0,8867000.0,9192000.0,9409000.0,9317000.0,10604000.0,11596000.0,12368000.0,12552000.0,4973000.0,,,,
BHR,"International tourism, number of arrivals",ST.INT.ARVL,,,,,,,,,,,,,,,,,,,,,,,,,,,,,,,,,,,,2311000.0,1988000.0,2600000.0,2898000.0,3280000.0,3869000.0,4388000.0,4831000.0,4844000.0,5667000.0,6313000.0,7289000.0,7833000.0,8631000.0,8861000.0,11952000.0,6732000.0,8062000.0,9163000.0,10452000.0,9670000.0,10158000.0,11374000.0,12045000.0,11061000.0,1909000.0,,,,
BHS,"International tourism, number of arrivals",ST.INT.ARVL,,,,,,,,,,,,,,,,,,,,,,,,,,,,,,,,,,,,3239000.0,3416000.0,3446000.0,3348000.0,3648000.0,4204000.0,4183000.0,4406000.0,4594000.0,5004000.0,4779000.0,4731000.0,4601000.0,4394000.0,4645000.0,5255000.0,5588000.0,5940000.0,6151000.0,6320000.0,6112000.0,6265000.0,6136000.0,6622000.0,7250000.0,1794500.0,,,,
BIH,"International tourism, number of arrivals",ST.INT.ARVL,,,,,,,,,,,,,,,,,,,,,,,,,,,,,,,,,,,,,,115000.0,148000.0,147000.0,171000.0,139000.0,160000.0,165000.0,190000.0,217000.0,256000.0,306000.0,322000.0,311000.0,365000.0,392000.0,439000.0,529000.0,536000.0,678000.0,778000.0,923000.0,1053000.0,1198000.0,197000.0,,,,
BLR,"International tourism, number of arrivals",ST.INT.ARVL,,,,,,,,,,,,,,,,,,,,,,,,,,,,,,,,,,,,,,,,,2030000.0,1852000.0,1907000.0,1729000.0,1816000.0,4738000.0,5276000.0,5283000.0,5262000.0,4872000.0,5674000.0,5877000.0,6130000.0,6242000.0,5375000.0,4386000.0,10935000.0,11060000.0,11502000.0,11832000.0,3598000.0,,,,
BLZ,"International tourism, number of arrivals",ST.INT.ARVL,,,,,,,,,,,,,,,,,,,,,,,,,,,,,,,,,,,,342000.0,349000.0,305000.0,300000.0,340000.0,374000.0,385000.0,694000.0,999000.0,1329000.0,1037000.0,903000.0,880000.0,846000.0,941000.0,1054000.0,1106000.0,1028000.0,1022000.0,1289000.0,1299000.0,1391000.0,1441000.0,1697000.0,1674000.0,487000.0,,,,
BMU,"International tourism, number of arrivals",ST.INT.ARVL,,,,,,,,,,,,,,,,,,,,,,,,,,,,,,,,,,,,557000.0,570000.0,562000.0,558000.0,549000.0,539000.0,458000.0,484000.0,483000.0,478000.0,517000.0,635000.0,660000.0,550000.0,554000.0,580000.0,652000.0,610000.0,576000.0,580000.0,597000.0,642000.0,688000.0,766000.0,805000.0,51400.0015258789,,,,
BOL,"International tourism, number of arrivals",ST.INT.ARVL,,,,,,,,,,,,,,,,,,,,,,,,,,,,,,,,,,,,284000.0,313000.0,355000.0,387000.0,342000.0,319000.0,316000.0,334000.0,427000.0,480000.0,524000.0,521000.0,573000.0,594000.0,599000.0,679000.0,711000.0,798000.0,798000.0,871000.0,882000.0,961000.0,1109000.0,1142000.0,1239000.0,323299.987792969,,,,
BRA,"International tourism, number of arrivals",ST.INT.ARVL,,,,,,,,,,,,,,,,,,,,,,,,,,,,,,,,,,,,1991000.0,2666000.0,2850000.0,4818000.0,5107000.0,5313000.0,4773000.0,3785000.0,4133000.0,4794000.0,5358000.0,5017000.0,5026000.0,5050000.0,4802000.0,5161000.0,5433000.0,5677000.0,5813000.0,6430000.0,6306000.0,6547000.0,6589000.0,6621000.0,6353000.0,,,,,
BRB,"International tourism, number of arrivals",ST.INT.ARVL,,,,,,,,,,,,,,,,,,,,,,,,,,,,,,,,,,,,927000.0,957000.0,990000.0,1019000.0,947000.0,1078000.0,1035000.0,1021000.0,1090000.0,1273000.0,1111000.0,1102000.0,1191000.0,1165000.0,1154000.0,1197000.0,1187000.0,1053000.0,1079000.0,1079000.0,1179000.0,1227000.0,1345000.0,1356000.0,966000.0,,,,,
BRN,"International tourism, number of arrivals",ST.INT.ARVL,,,,,,,,,,,,,,,,,,,,,,,,,,,,,,,,,,,,498000.0,837000.0,643000.0,964000.0,967000.0,984000.0,840000.0,891000.0,944000.0,,815000.0,836000.0,877000.0,,,,,,,,,4257000.0,4316000.0,4521000.0,4449000.0,1071000.0,,,,
BTN,"International tourism, number of arrivals",ST.INT.ARVL,,,,,,,,,,,,,,,,,,,,,,,,,,,,,,,,,,,,4800.00019073486,5199.99980926514,5400.00009536743,6199.99980926514,7199.99980926514,7599.99990463257,6400.00009536743,5599.99990463257,6300.00019073486,9199.99980926514,13600.0003814697,17299.9992370605,21000.0,28000.0,23000.0,41000.0,66000.0,105000.0,116000.0,133000.0,155000.0,210000.0,255000.0,274000.0,316000.0,29799.9992370605,,,,
BWA,"International tourism, number of arrivals",ST.INT.ARVL,,,,,,,,,,,,,,,,,,,,,,,,,,,,,,,,,,,,636000.0,656000.0,765000.0,940000.0,1039000.0,1306000.0,1451000.0,1485000.0,1592000.0,1727000.0,1684000.0,1642000.0,1965000.0,2344000.0,,,,,,,1660000.0,1712000.0,1775000.0,1830000.0,,,,,,
CAF,"International tourism, number of arrivals",ST.INT.ARVL,,,,,,,,,,,,,,,,,,,,,,,,,,,,,,,,,,,,26000.0,21000.0,17000.0,7500.0,10000.0,11199.9998092651,9899.99961853027,2900.00009536743,5699.99980926514,8199.99980926514,12000.0,13800.0001907349,17100.0003814697,30600.0003814697,52400.0015258789,53799.9992370605,65400.0015258789,70800.0030517578,83500.0,95699.9969482422,120500.0,82000.0,107000.0,109000.0,87000.0,,,,,
CAN,"International tourism, number of arrivals",ST.INT.ARVL,,,,,,,,,,,,,,,,,,,,,,,,,,,,,,,,,,,,41657000.0,43256000.0,45076000.0,48064000.0,49055000.0,48638000.0,47147000.0,44896000.0,38903000.0,38845000.0,36160000.0,33390000.0,30373000.0,27370000.0,24696000.0,25621000.0,25066000.0,25318000.0,25167000.0,25558000.0,27555000.0,30142000.0,31081000.0,31274000.0,32430000.0,,,,,
CHE,"International tourism, number of arrivals",ST.INT.ARVL,,,,,,,,,,,,,,,,,,,,,,,,,,,,,,,,,,,,6946000.0,6730000.0,7039000.0,7185000.0,7154000.0,7821000.0,7455000.0,6868000.0,6530000.0,,7229000.0,7863000.0,8448000.0,8608000.0,8294000.0,8628000.0,8534000.0,8566000.0,8967000.0,9158000.0,9305000.0,10402000.0,11133000.0,11715000.0,11818000.0,,,,,
CHL,"International tourism, number of arrivals",ST.INT.ARVL,,,,,,,,,,,,,,,,,,,,,,,,,,,,,,,,,,,,,,,,,,,,,,,,,3713000.0,3657000.0,3584000.0,3963000.0,4397000.0,4457000.0,4601000.0,5487000.0,6712000.0,7621000.0,6603000.0,5431000.0,,,,,
CHN,"International tourism, number of arrivals",ST.INT.ARVL,,,,,,,,,,,,,,,,,,,,,,,,,,,,,,,,,,,,46387000.0,51128000.0,57588000.0,63478000.0,72796000.0,83444000.0,89013000.0,97908000.0,91662000.0,109038000.0,120292000.0,124942000.0,131873000.0,130027000.0,126476000.0,133762000.0,135423000.0,132405000.0,129078000.0,128499000.0,133820000.0,141774000.0,153260000.0,158606000.0,162538000.0,30402000.0,,,,
CIV,"International tourism, number of arrivals",ST.INT.ARVL,,,,,,,,,,,,,,,,,,,,,,,,,,,,,,,,,,,,188000.0,237000.0,274000.0,301000.0,,,,,,,,,182000.0,205000.0,231000.0,252000.0,270000.0,289000.0,380000.0,471000.0,1441000.0,1583000.0,1800000.0,1965000.0,2070000.0,668000.0,,,,
CMR,"International tourism, number of arrivals",ST.INT.ARVL,,,,,,,,,,,,,,,,,,,,,,,,,,,,,,,,,,,,,,,,,,,,,,,451000.0,477000.0,487000.0,498000.0,573000.0,604000.0,817000.0,783000.0,822000.0,897000.0,994000.0,1081000.0,997000.0,1021000.0,,,,,
COD,"International tourism, number of arrivals",ST.INT.ARVL,,,,,,,,,,,,,,,,,,,,,,,,,,,,,,,,,,,,35000.0,37000.0,30000.0,53000.0,80000.0,103000.0,55000.0,28000.0,35000.0,36000.0,61000.0,55000.0,47000.0,50000.0,53000.0,81000.0,186000.0,167000.0,191000.0,334000.0,354000.0,351000.0,,,,,,,,
COG,"International tourism, number of arrivals",ST.INT.ARVL,,,,,,,,,,,,,,,,,,,,,,,,,,,,,,,,,,,,,,,,,,,,,,,,,,,199000.0,224000.0,259000.0,345000.0,229000.0,224000.0,213000.0,151000.0,158000.0,,,,,,
COL,"International tourism, number of arrivals",ST.INT.ARVL,,,,,,,,,,,,,,,,,,,,,,,,,,,,,,,,,,,,1433000.0,751000.0,758000.0,823000.0,725000.0,707000.0,788000.0,661000.0,668000.0,840000.0,981000.0,2096000.0,2381000.0,2545000.0,2649000.0,1701000.0,2356000.0,2434000.0,2595000.0,2866000.0,3371000.0,3675000.0,4056000.0,4397000.0,4531000.0,1396000.0,,,,
COM,"International tourism, number of arrivals",ST.INT.ARVL,,,,,,,,,,,,,,,,,,,,,,,,,,,,,,,,,,,,23000.0,24000.0,26000.0,27000.0,24000.0,24000.0,19399.9996185303,18899.9996185303,20600.0003814697,23299.9992370605,25899.9996185303,28500.0,15199.9998092651,14800.0001907349,11300.0001907349,15300.0001907349,18799.9992370605,22799.9992370605,21899.9996185303,22799.9992370605,23600.0003814697,26799.9992370605,28000.0,35900.0015258789,45099.9984741211,7000.0,,,,
CPV,"International tourism, number of arrivals",ST.INT.ARVL,,,,,,,,,,,,,,,,,,,,,,,,,,,,,,,,,,,,28000.0,37000.0,45000.0,52000.0,67000.0,115000.0,134000.0,126000.0,150000.0,157000.0,198000.0,242000.0,267000.0,285000.0,287000.0,336000.0,428000.0,482000.0,503000.0,494000.0,520000.0,598000.0,668000.0,710000.0,758000.0,180000.0,,,,
CRI,"International tourism, number of arrivals",ST.INT.ARVL,,,,,,,,,,,,,,,,,,,,,,,,,,,,,,,,,,,,924000.0,940000.0,1013000.0,1167000.0,1267000.0,1278000.0,1320000.0,1335000.0,1514000.0,1771000.0,1959000.0,2071000.0,2302000.0,2409000.0,2309000.0,2495000.0,2526000.0,2542000.0,2641000.0,2760000.0,2899000.0,3204000.0,3231000.0,3313000.0,3366000.0,1146500.0,,,,
CUB,"International tourism, number of arrivals",ST.INT.ARVL,,,,,,,,,,,,,,,,,,,,,,,,,,,,,,,,,,,,745000.0,1004000.0,1170000.0,1416000.0,1603000.0,1774000.0,1775000.0,1686000.0,1906000.0,2049000.0,2319000.0,2221000.0,2152000.0,2348000.0,2430000.0,2532000.0,2716000.0,2847000.0,2862000.0,3014000.0,3540000.0,4009000.0,4654000.0,4712000.0,4276000.0,1086000.0,,,,
CYM,"International tourism, number of arrivals",ST.INT.ARVL,,,,,,,,,,,,,,,,,,,,,,,,,,,,,,,,,,,,1044000.0,1173000.0,1248000.0,1275000.0,1431000.0,1385000.0,1549000.0,1878000.0,2113000.0,1953000.0,1967000.0,2197000.0,2008000.0,1856000.0,1792000.0,1886000.0,1710000.0,1829000.0,1721000.0,1993000.0,2102000.0,2097000.0,2147000.0,2384000.0,2334000.0,660000.0,,,,
CYP,"International tourism, number of arrivals",ST.INT.ARVL,,,,,,,,,,,,,,,,,,,,,,,,,,,,,,,,,,,,2253000.0,2089000.0,2194000.0,2357000.0,2578000.0,2912000.0,2841000.0,2495000.0,2416000.0,2478000.0,2657000.0,2629000.0,2671000.0,2631000.0,2370000.0,2450000.0,2626000.0,2635000.0,2626000.0,2558000.0,2780000.0,3286000.0,3750000.0,4024000.0,4117000.0,,,,,
CZE,"International tourism, number of arrivals",ST.INT.ARVL,,,,,,,,,,,,,,,,,,,,,,,,,,,,,,,,,,,,,,,,,,,,20108000.0,23808000.0,24747000.0,25102000.0,22625000.0,21850000.0,23285000.0,21941000.0,22810000.0,25750000.0,26332000.0,27166000.0,29604000.0,32519000.0,34701000.0,36268000.0,37202000.0,,,,,
DEU,"International tourism, number of arrivals",ST.INT.ARVL,,,,,,,,,,,,,,,,,,,,,,,,,,,,,,,,,,,,14847000.0,15205000.0,15837000.0,16511000.0,17116000.0,18983000.0,17861000.0,17969000.0,18399000.0,20137000.0,21500000.0,23569000.0,24421000.0,24884000.0,24220000.0,26875000.0,28374000.0,30411000.0,31545000.0,32999000.0,34970000.0,35555000.0,37452000.0,38881000.0,39563000.0,12449000.0,,,,
DJI,"International tourism, number of arrivals",ST.INT.ARVL,,,,,,,,,,,,,,,,,,,,,,,,,,,,,,,,,,,,21000.0,20000.0,20000.0,21000.0,21000.0,20100.0003814697,21600.0003814697,22500.0,23200.0007629395,26299.9992370605,30200.0007629395,39500.0,40000.0,54000.0,58000.0,51000.0,56000.0,60000.0,63000.0,,,,,,,,,,,
DMA,"International tourism, number of arrivals",ST.INT.ARVL,,,,,,,,,,,,,,,,,,,,,,,,,,,,,,,,,,,,203000.0,261000.0,299000.0,312000.0,280000.0,312000.0,276000.0,208000.0,254000.0,466000.0,381000.0,465000.0,437000.0,468000.0,608000.0,595000.0,418000.0,348000.0,311000.0,370000.0,358000.0,356000.0,230000.0,199000.0,322000.0,140000.0,,,,
DNK,"International tourism, number of arrivals",ST.INT.ARVL,,,,,,,,,,,,,,,,,,,,,,,,,,,,,,,,,,,,,,,,,,,,21119000.0,22054000.0,26927000.0,26936000.0,27138000.0,26870000.0,26571000.0,26730000.0,25811000.0,26402000.0,26516000.0,28070000.0,28209000.0,28692000.0,30736000.0,30801000.0,33093000.0,15595000.0,,,,
DOM,"International tourism, number of arrivals",ST.INT.ARVL,,,,,,,,,,,,,,,,,,,,,,,,,,,,,,,,,,,,1806000.0,2037000.0,2482000.0,2702000.0,2932000.0,3161000.0,3090000.0,3058000.0,3680000.0,3907000.0,3981000.0,4268000.0,4365000.0,4455000.0,4489000.0,4478000.0,4654000.0,4901000.0,5114000.0,5576000.0,6129000.0,6769000.0,7296000.0,7551000.0,7550000.0,2748000.0,,,,
DZA,"International tourism, number of arrivals",ST.INT.ARVL,,,,,,,,,,,,,,,,,,,,,,,,,,,,,,,,,,,,520000.0,605000.0,635000.0,678000.0,749000.0,866000.0,901000.0,988000.0,1166000.0,1234000.0,1443000.0,1638000.0,1743000.0,1772000.0,1912000.0,2070000.0,2395000.0,2634000.0,2733000.0,2301000.0,1710000.0,2039000.0,2451000.0,2657000.0,2371000.0,591000.0,,,,
ECU,"International tourism, number of arrivals",ST.INT.ARVL,,,,,,,,,,,,,,,,,,,,,,,,,,,,,,,,,,,,440000.0,494000.0,529000.0,511000.0,518000.0,627000.0,641000.0,683000.0,761000.0,819000.0,860000.0,841000.0,937000.0,1005000.0,968000.0,1047000.0,1141000.0,1272000.0,1364000.0,1695000.0,1676000.0,1569000.0,1806000.0,2535000.0,2108000.0,,,,,
EGY,"International tourism, number of arrivals",ST.INT.ARVL,,,,,,,,,,,,,,,,,,,,,,,,,,,,,,,,,,,,3133000.0,3896000.0,3961000.0,3454000.0,4797000.0,5506000.0,4648000.0,5192000.0,6044000.0,8104000.0,8608000.0,9083000.0,11091000.0,12835000.0,12536000.0,14731000.0,9845000.0,11532000.0,9464000.0,9878000.0,9328000.0,5399000.0,8292000.0,11346000.0,13026000.0,,,,,
ERI,"International tourism, number of arrivals",ST.INT.ARVL,,,,,,,,,,,,,,,,,,,,,,,,,,,,,,,,,,,,315000.0,417000.0,410000.0,188000.0,57000.0,70000.0,113000.0,101000.0,80000.0,87000.0,83000.0,78000.0,81000.0,70000.0,79000.0,84000.0,107000.0,129000.0,141000.0,119000.0,114000.0,142000.0,,,,,,,,
ESP,"International tourism, number of arrivals",ST.INT.ARVL,,,,,,,,,,,,,,,,,,,,,,,,,,,,,,,,,,,,52460000.0,55077000.0,62415000.0,68068000.0,72040000.0,74580000.0,75564000.0,79313000.0,82326000.0,85981000.0,92563000.0,96152000.0,98907000.0,97670000.0,91899000.0,93744000.0,99187000.0,98128000.0,103231000.0,107144000.0,109834000.0,115561000.0,121717000.0,124456000.0,126170000.0,36410000.0,,,,
EST,"International tourism, number of arrivals",ST.INT.ARVL,,,,,,,,,,,,,,,,,,,,,,,,,,,,,,,,,,,,2111000.0,2444000.0,2618000.0,2909000.0,3181000.0,3310000.0,3230000.0,3253000.0,3378000.0,,,,,3828000.0,3834000.0,4369000.0,4907000.0,5007000.0,5737000.0,5804000.0,5696000.0,5942000.0,6145000.0,6033000.0,6103000.0,1695000.0,,,,
ETH,"International tourism, number of arrivals",ST.INT.ARVL,,,,,,,,,,,,,,,,,,,,,,,,,,,,,,,,,,,,103000.0,109000.0,139000.0,112000.0,115000.0,136000.0,148000.0,156000.0,180000.0,184000.0,227000.0,330000.0,358000.0,383000.0,427000.0,468000.0,523000.0,597000.0,681000.0,770000.0,864000.0,871000.0,933000.0,849000.0,812000.0,518000.0,,,,
FIN,"International tourism, number of arrivals",ST.INT.ARVL,,,,,,,,,,,,,,,,,,,,,,,,,,,,,,,,,,,,1779000.0,1724000.0,1832000.0,2644000.0,2454000.0,2714000.0,2826000.0,2875000.0,2601000.0,2840000.0,3140000.0,3375000.0,3519000.0,3583000.0,3423000.0,3670000.0,4192000.0,4226000.0,2797000.0,2731000.0,2622000.0,2789000.0,3180000.0,3224000.0,3290000.0,896000.0,,,,
FJI,"International tourism, number of arrivals",ST.INT.ARVL,,,,,,,,,,,,,,,,,,,,,,,,,,,,,,,,,,,,476000.0,534000.0,547000.0,499000.0,544000.0,434000.0,446000.0,461000.0,451000.0,513000.0,547000.0,,542000.0,627000.0,605000.0,692000.0,734000.0,741000.0,769000.0,781000.0,869000.0,963000.0,1027000.0,1058000.0,969000.0,168000.0,,,,
FRA,"International tourism, number of arrivals",ST.INT.ARVL,,,,,,,,,,,,,,,,,,,,,,,,,,,,,,,,,,,,,148263000.0,157551000.0,,,,,,,190282000.0,185829000.0,193882000.0,193319000.0,193571000.0,192369000.0,189826000.0,196595000.0,197522000.0,204410000.0,206599000.0,203302000.0,203042000.0,207274000.0,211998000.0,217877000.0,117109000.0,,,,
FSM,"International tourism, number of arrivals",ST.INT.ARVL,,,,,,,,,,,,,,,,,,,,,,,,,,,,,,,,,,,,,17600.0003814697,17200.0007629395,13399.9996185303,16100.0003814697,20500.0,15300.0001907349,19100.0003814697,18200.0007629395,19299.9992370605,19000.0,19100.0003814697,21100.0003814697,25700.0007629395,47500.0,44700.0007629395,35400.0015258789,38299.9992370605,42099.9984741211,35400.0015258789,31200.0007629395,29600.0003814697,,19200.0007629395,18000.0,,,,,
GAB,"International tourism, number of arrivals",ST.INT.ARVL,,,,,,,,,,,,,,,,,,,,,,,,,,,,,,,,,,,,203000.0,217000.0,247000.0,274000.0,262000.0,230000.0,236000.0,269000.0,234000.0,351000.0,526000.0,,,,,,,,,,,,,,,,,,,
GBR,"International tourism, number of arrivals",ST.INT.ARVL,,,,,,,,,,,,,,,,,,,,,,,,,,,,,,,,,,,,23537000.0,25163000.0,25515000.0,25745000.0,25394000.0,25209000.0,22835000.0,24180000.0,24715000.0,27755000.0,29970000.0,32713000.0,32778000.0,31888000.0,31072000.0,30398000.0,31886000.0,32221000.0,33567000.0,35337000.0,36792000.0,39129000.0,41080000.0,40283000.0,40857000.0,11101000.0,,,,
GEO,"International tourism, number of arrivals",ST.INT.ARVL,,,,,,,,,,,,,,,,,,,,,,,,,,,,,,,,,,,,85000.0,117000.0,313000.0,317000.0,384000.0,387000.0,302000.0,298000.0,313000.0,368000.0,560000.0,983000.0,1052000.0,1290000.0,1500000.0,2032000.0,2712000.0,4106000.0,4954000.0,5004000.0,5256000.0,5393000.0,6483000.0,7203000.0,7726000.0,1513000.0,,,,
GHA,"International tourism, number of arrivals",ST.INT.ARVL,,,,,,,,,,,,,,,,,,,,,,,,,,,,,,,,,,,,286000.0,305000.0,325000.0,348000.0,373000.0,399000.0,439000.0,483000.0,531000.0,584000.0,429000.0,497000.0,587000.0,698000.0,803000.0,931000.0,821000.0,903000.0,994000.0,825000.0,897000.0,,,,,,,,,
GIN,"International tourism, number of arrivals",ST.INT.ARVL,,,,,,,,,,,,,,,,,,,,,,,,,,,,,,,,,,,,,12000.0,17000.0,23000.0,27000.0,33000.0,38000.0,43000.0,44000.0,45000.0,45000.0,46099.9984741211,30000.0,24000.0,,12399.9996185303,131000.0,96000.0,56000.0,33000.0,35000.0,63000.0,99000.0,,,,,,,
GMB,"International tourism, number of arrivals",ST.INT.ARVL,,,,,,,,,,,,,,,,,,,,,,,,,,,,,,,,,,,,45000.0,77000.0,85000.0,91000.0,96000.0,79000.0,57000.0,81000.0,89000.0,90000.0,108000.0,125000.0,143000.0,147000.0,142000.0,91000.0,106000.0,157000.0,171000.0,156000.0,449000.0,450000.0,522000.0,552000.0,620000.0,246000.0,,,,
GNB,"International tourism, number of arrivals",ST.INT.ARVL,,,,,,,,,,,,,,,,,,,,,,,,,,,,,,,,,,,,,,,,,,7800.00019073486,,,,5000.0,11600.0003814697,15600.0003814697,18000.0,16000.0,22299.9992370605,36700.0007629395,35400.0015258789,35500.0,36099.9984741211,43799.9992370605,45200.0007629395,49500.0,55000.0,52400.0015258789,,,,,
GNQ,"International tourism, number of arrivals",ST.INT.ARVL,,,,,,,,,,,,,,,,,,,,,,,,,,,,,,,,,,,,,,,,,,,,,,,,,,,,,,,,,,,,,,,,,
GRC,"International tourism, number of arrivals",ST.INT.ARVL,,,,,,,,,,,,,,,,,,,,,,,,,,,,,,,,,,,,10712000.0,9782000.0,10588000.0,11364000.0,12606000.0,13567000.0,14678000.0,14918000.0,14785000.0,14268000.0,15938000.0,17284000.0,,,,,,,20112000.0,24272000.0,26114000.0,28071000.0,30161000.0,33072000.0,34005000.0,7406000.0,,,,
GRD,"International tourism, number of arrivals",ST.INT.ARVL,,,,,,,,,,,,,,,,,,,,,,,,,,,,,,,,,,,,369000.0,386000.0,368000.0,392000.0,379000.0,316000.0,277000.0,271000.0,294000.0,370000.0,380000.0,342000.0,406000.0,428000.0,460000.0,445000.0,447000.0,370000.0,327000.0,387000.0,437000.0,474000.0,468000.0,529000.0,526000.0,217000.0,,,,
GTM,"International tourism, number of arrivals",ST.INT.ARVL,,,,,,,,,,,,,,,,,,,,,,,,,,,,,,,,,,,,563000.0,520000.0,576000.0,636000.0,823000.0,826000.0,835000.0,884000.0,880000.0,1182000.0,1316000.0,1502000.0,1628000.0,1715000.0,1311000.0,1384000.0,1434000.0,1491000.0,1516000.0,1739000.0,1865000.0,1906000.0,2120000.0,2406000.0,2560000.0,594000.0,,,,
GUM,"International tourism, number of arrivals",ST.INT.ARVL,,,,,,,,,,,,,,,,,,,,,,,,,,,,,,,,,,,,1362000.0,1373000.0,1382000.0,1137000.0,1162000.0,1287000.0,1159000.0,1059000.0,910000.0,1160000.0,1228000.0,1212000.0,1225000.0,1142000.0,1053000.0,1197000.0,1160000.0,1308000.0,1334000.0,1343000.0,1409000.0,1536000.0,1545000.0,1549000.0,1667000.0,328000.0,,,,
GUY,"International tourism, number of arrivals",ST.INT.ARVL,,,,,,,,,,,,,,,,,,,,,,,,,,,,,,,,,,,,106000.0,92000.0,76000.0,66000.0,75000.0,105000.0,99000.0,104000.0,101000.0,122000.0,117000.0,113000.0,134000.0,130000.0,141000.0,152000.0,157000.0,177000.0,200000.0,206000.0,207000.0,235000.0,247000.0,287000.0,315000.0,86400.0015258789,,,,
HKG,"International tourism, number of arrivals",ST.INT.ARVL,,,,,,,,,,,,,,,,,,,,,,,,,,,,,,,,,,,,10200000.0,12974000.0,11273000.0,10160000.0,11328000.0,13059000.0,13725000.0,16566000.0,15537000.0,21811000.0,23359000.0,25251000.0,28169000.0,29507000.0,29591000.0,36030000.0,41921000.0,48615000.0,54299000.0,60839000.0,59308000.0,56655000.0,58472000.0,65148000.0,55913000.0,3569000.0,,,,
HND,"International tourism, number of arrivals",ST.INT.ARVL,,,,,,,,,,,,,,,,,,,,,,,,,,,,,,,,,,,,,271000.0,310000.0,324000.0,428000.0,689000.0,672000.0,788000.0,887000.0,1026000.0,1118000.0,1136000.0,1309000.0,1561000.0,1589000.0,1965000.0,1852000.0,1903000.0,1857000.0,2082000.0,2093000.0,2228000.0,2144000.0,2323000.0,2315000.0,669000.0,,,,
HRV,"International tourism, number of arrivals",ST.INT.ARVL,,,,,,,,,,,,,,,,,,,,,,,,,,,,,,,,,,,,16100000.0,19085000.0,23660000.0,25499000.0,29215000.0,37226000.0,40129000.0,41737000.0,42857000.0,44974000.0,45762000.0,47733000.0,52271000.0,51336000.0,47573000.0,49006000.0,49969000.0,47185000.0,48345000.0,51168000.0,55858000.0,57587000.0,59238000.0,57668000.0,60021000.0,21608000.0,,,,
HTI,"International tourism, number of arrivals",ST.INT.ARVL,,,,,,,,,,,,,,,,,,,,,,,,,,,,,,,,,,,,370000.0,400000.0,387000.0,393000.0,386000.0,445000.0,499000.0,482000.0,518000.0,385000.0,480000.0,558000.0,868000.0,758000.0,826000.0,793000.0,946000.0,959000.0,1064000.0,1127599.97558594,1190000.0,1153000.0,1262000.0,1333000.0,938000.0,,,,,
HUN,"International tourism, number of arrivals",ST.INT.ARVL,,,,,,,,,,,,,,,,,,,,,,,,,,,,,,,,,,,,39240000.0,39833000.0,37315000.0,33624000.0,28803000.0,31141000.0,30679000.0,31739000.0,31412000.0,33934000.0,36173000.0,38318000.0,39379000.0,39554000.0,40624000.0,39904000.0,41304000.0,43565000.0,43611000.0,45984000.0,48345000.0,52890000.0,54962000.0,57667000.0,61397000.0,31641000.0,,,,
IDN,"International tourism, number of arrivals",ST.INT.ARVL,,,,,,,,,,,,,,,,,,,,,,,,,,,,,,,,,,,,4324000.0,5034000.0,5185000.0,4606000.0,4728000.0,5064000.0,5153000.0,5033000.0,4467000.0,5321000.0,5002000.0,4871000.0,5506000.0,6234000.0,6324000.0,7003000.0,7650000.0,8044000.0,8802000.0,9435000.0,10407000.0,11519000.0,14040000.0,15810000.0,16107000.0,4053000.0,,,,
IND,"International tourism, number of arrivals",ST.INT.ARVL,,,,,,,,,,,,,,,,,,,,,,,,,,,,,,,,,,,,2124000.0,2288000.0,2374000.0,2359000.0,2482000.0,2649000.0,2537000.0,2384000.0,2726000.0,3457000.0,3919000.0,4447000.0,5082000.0,5283000.0,5168000.0,5776000.0,6309000.0,6578000.0,6968000.0,13107000.0,13284000.0,14570000.0,15543000.0,17423000.0,17914000.0,,,,,
IRL,"International tourism, number of arrivals",ST.INT.ARVL,,,,,,,,,,,,,,,,,,,,,,,,,,,,,,,,,,,,4818000.0,5289000.0,5587000.0,6064000.0,6403000.0,6646000.0,6353000.0,6476000.0,6764000.0,6953000.0,7333000.0,8001000.0,8332000.0,8026000.0,7189000.0,7134000.0,7630000.0,7550000.0,8260000.0,8813000.0,9528000.0,10100000.0,10338000.0,10926000.0,10951000.0,,,,,
IRN,"International tourism, number of arrivals",ST.INT.ARVL,,,,,,,,,,,,,,,,,,,,,,,,,,,,,,,,,,,,452000.0,573000.0,764000.0,1008000.0,1321000.0,1342000.0,1402000.0,1585000.0,1546000.0,1659000.0,1889000.0,2735000.0,2219000.0,2034000.0,2116000.0,2938000.0,3354000.0,3834000.0,4769000.0,4968000.0,5237000.0,4942000.0,4867000.0,7295000.0,9107000.0,1550000.0,,,,
IRQ,"International tourism, number of arrivals",ST.INT.ARVL,,,,,,,,,,,,,,,,,,,,,,,,,,,,,,,,,,,,61000.0,51000.0,15000.0,45000.0,30000.0,78000.0,127000.0,,,,,,,864000.0,1262000.0,1518000.0,1510000.0,1111000.0,892000.0,,,,,,,,,,,
ISL,"International tourism, number of arrivals",ST.INT.ARVL,,,,,,,,,,,,,,,,,,,,,,,,,,,,,,,,,,,,211000.0,223000.0,223000.0,255000.0,281000.0,328000.0,329000.0,315000.0,348000.0,405000.0,429000.0,477000.0,539000.0,561000.0,563000.0,559000.0,628000.0,765000.0,900000.0,1102000.0,1389000.0,1891000.0,2353000.0,2488000.0,2202000.0,488000.0,,,,
ISR,"International tourism, number of arrivals",ST.INT.ARVL,,,,,,,,,,,,,,,,,,,,,,,,,,,,,,,,,,,,2530000.0,2360000.0,2295000.0,2200000.0,2566000.0,2672000.0,1219000.0,862099.975585938,,1505800.04882813,1916000.0,1834000.0,2294000.0,3034000.0,2740000.0,3444000.0,3362000.0,3520000.0,3540000.0,3251000.0,3109000.0,3070000.0,3863000.0,4389000.0,4905000.0,,,,,
ITA,"International tourism, number of arrivals",ST.INT.ARVL,,,,,,,,,,,,,,,,,,,,,,,,,,,,,,,,,,,,55706000.0,59805000.0,57998000.0,58499000.0,59521000.0,62702000.0,60960000.0,63561000.0,63026000.0,58480000.0,59230000.0,66353000.0,70271000.0,70719000.0,71692000.0,73225000.0,75866000.0,76293000.0,76762000.0,77694000.0,81068000.0,84925000.0,89931000.0,93228601.5625,95399000.0,38419000.0,,,,
JAM,"International tourism, number of arrivals",ST.INT.ARVL,,,,,,,,,,,,,,,,,,,,,,,,,,,,,,,,,,,,1752000.0,1821000.0,1904000.0,1899000.0,2013000.0,2230000.0,2117000.0,2131000.0,2483000.0,2515000.0,2615000.0,3016000.0,2880000.0,2859000.0,2753000.0,2832000.0,3077000.0,3306000.0,3274000.0,3504000.0,3692000.0,3837000.0,4276000.0,4319000.0,4233000.0,1329699.95117188,,,,
JOR,"International tourism, number of arrivals",ST.INT.ARVL,,,,,,,,,,,,,,,,,,,,,,,,,,,,,,,,,,,,3277000.0,3164000.0,3068000.0,3438000.0,3231000.0,2700000.0,3034000.0,4677000.0,4600000.0,5587000.0,5817000.0,6573000.0,6529000.0,7100000.0,7085000.0,8078000.0,6813000.0,6314000.0,5389000.0,5327000.0,4809000.0,4236000.0,4565000.0,4922000.0,5361000.0,1240000.0,,,,
JPN,"International tourism, number of arrivals",ST.INT.ARVL,,,,,,,,,,,,,,,,,,,,,,,,,,,,,,,,,,,,3345000.0,3837000.0,4218000.0,4106000.0,4438000.0,4757000.0,4772000.0,5239000.0,5212000.0,6138000.0,6728000.0,7334000.0,8347000.0,8351000.0,6790000.0,8611000.0,6219000.0,8358000.0,10364000.0,13413000.0,19737000.0,24039000.0,28691000.0,31191000.0,31881000.0,4115799.8046875,,,,
KAZ,"International tourism, number of arrivals",ST.INT.ARVL,,,,,,,,,,,,,,,,,,,,,,,,,,,,,,,,,,,,,202000.0,284000.0,257000.0,394000.0,1683000.0,2693000.0,3678000.0,3237000.0,4291000.0,4365000.0,4707000.0,5311000.0,4117000.0,3774000.0,4097000.0,5685000.0,6163000.0,6841000.0,6333000.0,6430000.0,6509000.0,7701000.0,8789000.0,8515000.0,2035000.0,,,,
KEN,"International tourism, number of arrivals",ST.INT.ARVL,,,,,,,,,,,,,,,,,,,,,,,,,,,,,,,,,,,,974000.0,1003000.0,1001000.0,894000.0,969000.0,1037000.0,994000.0,1001000.0,1146000.0,1361000.0,1479000.0,1601000.0,1817000.0,1203000.0,1490000.0,1609000.0,1823000.0,1711000.0,1520000.0,1350000.0,1181000.0,1340000.0,1449000.0,2025000.0,2049000.0,,,,,
KGZ,"International tourism, number of arrivals",ST.INT.ARVL,,,,,,,,,,,,,,,,,,,,,,,,,,,,,,,,,,,,,,,290000.0,165000.0,173000.0,199000.0,183000.0,342000.0,398000.0,319000.0,766000.0,1656000.0,2379000.0,2451000.0,1224000.0,3025000.0,3393000.0,4134000.0,3791000.0,4000000.0,3853000.0,4568000.0,6947000.0,8508000.0,,,,,
KHM,"International tourism, number of arrivals",ST.INT.ARVL,,,,,,,,,,,,,,,,,,,,,,,,,,,,,,,,,,,,220000.0,260000.0,219000.0,287000.0,368000.0,466000.0,605000.0,787000.0,701000.0,1055000.0,1422000.0,1700000.0,2015000.0,2125000.0,2162000.0,2508000.0,2882000.0,3584000.0,4210000.0,4503000.0,4775000.0,5012000.0,5602000.0,6201000.0,6611000.0,1306000.0,,,,
KIR,"International tourism, number of arrivals",ST.INT.ARVL,,,,,,,,,,,,,,,,,,,,,,,,,,,,,,,,,,,,,,,,20299.9992370605,13399.9996185303,14500.0,119500.0,130100.006103516,63900.0015258789,50200.0007629395,10800.0001907349,32299.9992370605,,,,,,,8300.00019073486,8199.99980926514,7599.99990463257,7500.0,9000.0,12000.0,,,,,
KNA,"International tourism, number of arrivals",ST.INT.ARVL,,,,,,,,,,,,,,,,,,,,,,,,,,,,,,,,,,,,203000.0,172000.0,194000.0,250000.0,226000.0,247000.0,334000.0,240000.0,247000.0,383000.0,365000.0,350000.0,379000.0,533000.0,548000.0,624000.0,723000.0,666000.0,695000.0,818000.0,1036000.0,1055000.0,1194000.0,1278000.0,1107000.0,301399.993896484,,,,
KOR,"International tourism, number of arrivals",ST.INT.ARVL,,,,,,,,,,,,,,,,,,,,,,,,,,,,,,,,,,,,3753000.0,3684000.0,3908000.0,4250000.0,4660000.0,5322000.0,5147000.0,5347000.0,4753000.0,5818000.0,6023000.0,6155000.0,6448000.0,6891000.0,7818000.0,8798000.0,9795000.0,11140000.0,12176000.0,14202000.0,13232000.0,17242000.0,13336000.0,15347000.0,17503000.0,2519000.0,,,,
KWT,"International tourism, number of arrivals",ST.INT.ARVL,,,,,,,,,,,,,,,,,,,,,,,,,,,,,,,,,,,,1443000.0,1565000.0,1638000.0,1763000.0,1884000.0,1944000.0,2072000.0,2316000.0,2602000.0,3056000.0,3474000.0,3899000.0,4482000.0,4736000.0,5088000.0,5208000.0,5574000.0,5729000.0,6217000.0,6528000.0,6941000.0,7055000.0,7407000.0,8508000.0,8565000.0,2161000.0,,,,
LAO,"International tourism, number of arrivals",ST.INT.ARVL,,,,,,,,,,,,,,,,,,,,,,,,,,,,,,,,,,,,346000.0,403000.0,463000.0,500000.0,614000.0,737000.0,674000.0,736000.0,636000.0,895000.0,1095000.0,1215000.0,1624000.0,1737000.0,2008000.0,2513000.0,2724000.0,3330000.0,3779000.0,4159000.0,4684000.0,4239000.0,3869000.0,4186000.0,4791000.0,886400.024414063,,,,
LBN,"International tourism, number of arrivals",ST.INT.ARVL,,,,,,,,,,,,,,,,,,,,,,,,,,,,,,,,,,,,450000.0,424000.0,558000.0,631000.0,673000.0,742000.0,837000.0,956000.0,1016000.0,1278000.0,1140000.0,1063000.0,1017000.0,1333000.0,1844000.0,2168000.0,1655000.0,1366000.0,1274000.0,1355000.0,1518000.0,1688000.0,1857000.0,1964000.0,1936000.0,,,,,
LBR,"International tourism, number of arrivals",ST.INT.ARVL,,,,,,,,,,,,,,,,,,,,,,,,,,,,,,,,,,,,,,,,,,,,,,,,,,,,,,,,,,,,,,,,,
LBY,"International tourism, number of arrivals",ST.INT.ARVL,,,,,,,,,,,,,,,,,,,,,,,,,,,,,,,,,,,,1832000.0,1276000.0,913000.0,850000.0,965000.0,963000.0,953000.0,858000.0,958000.0,,,125000.0,106000.0,760000.0,,,,,,,,,,,,,,,,
LCA,"International tourism, number of arrivals",ST.INT.ARVL,,,,,,,,,,,,,,,,,,,,,,,,,,,,,,,,,,,,407000.0,422000.0,563000.0,629000.0,666000.0,727000.0,747000.0,648000.0,683000.0,791000.0,720000.0,670000.0,905000.0,925000.0,982000.0,984000.0,950000.0,889000.0,921000.0,987000.0,1031000.0,948000.0,1064000.0,1165000.0,1220000.0,432500.0,,,,
LIE,"International tourism, number of arrivals",ST.INT.ARVL,,,,,,,,,,,,,,,,,,,,,,,,,,,,,,,,,,,,59000.0,56000.0,57000.0,59000.0,60000.0,61599.9984741211,56500.0,48700.0007629395,49000.0,48500.0,49799.9992370605,54900.0015258789,72800.0030517578,72900.0015258789,66500.0,64300.0030517578,67000.0,62400.0015258789,59599.9984741211,61299.9992370605,56700.0007629395,69099.9984741211,79300.0030517578,85300.0030517578,98099.9984741211,58400.0015258789,,,,
LKA,"International tourism, number of arrivals",ST.INT.ARVL,,,,,,,,,,,,,,,,,,,,,,,,,,,,,,,,,,,,414000.0,315000.0,384000.0,409000.0,465000.0,445000.0,397000.0,457000.0,583000.0,681000.0,669000.0,689000.0,592000.0,526000.0,538000.0,766000.0,976000.0,1133000.0,1415000.0,1665000.0,1993000.0,2168000.0,2248000.0,2521000.0,2027000.0,540000.0,,,,
LSO,"International tourism, number of arrivals",ST.INT.ARVL,,,,,,,,,,,,,,,,,,,,,,,,,,,,,,,,,,,,209000.0,312000.0,313000.0,290000.0,308000.0,302000.0,295000.0,287000.0,329000.0,304000.0,304000.0,357000.0,300000.0,293000.0,344000.0,426000.0,398000.0,423000.0,433000.0,1079000.0,1082000.0,1196000.0,1137000.0,1173000.0,1142000.0,,,,,
LTU,"International tourism, number of arrivals",ST.INT.ARVL,,,,,,,,,,,,,,,,,,,,,,,,,,,,,,,,,,,,2600000.0,3497000.0,3702000.0,4287000.0,4454000.0,4092000.0,4195000.0,3999000.0,3635000.0,,,,4251000.0,4459000.0,4001000.0,4073000.0,4504000.0,4979000.0,5264000.0,5217000.0,5048000.0,5322000.0,5590000.0,6115000.0,6150000.0,2284000.0,,,,
LUX,"International tourism, number of arrivals",ST.INT.ARVL,,,,,,,,,,,,,,,,,,,,,,,,,,,,,,,,,,,,768000.0,724000.0,778000.0,789000.0,863000.0,852000.0,836000.0,885000.0,867000.0,878000.0,913000.0,908000.0,914000.0,877000.0,847000.0,805000.0,874000.0,950000.0,945000.0,1038000.0,1090000.0,1054000.0,1046000.0,1018000.0,1041000.0,525000.0,,,,
LVA,"International tourism, number of arrivals",ST.INT.ARVL,,,,,,,,,,,,,,,,,,,,,,,,,,,,,,,,,,,,1633000.0,1750000.0,1842000.0,1788000.0,1738000.0,1882000.0,2061000.0,2297000.0,2524000.0,3127000.0,3791000.0,4649000.0,5209000.0,5496000.0,4727000.0,5042000.0,5538000.0,5569000.0,5822000.0,6246000.0,6842000.0,6797000.0,7726000.0,7775000.0,8342000.0,3204000.0,,,,
MAC,"International tourism, number of arrivals",ST.INT.ARVL,,,,,,,,,,,,,,,,,,,,,,,,,,,,,,,,,,,,7752000.0,8151000.0,7000000.0,6949000.0,7444000.0,9162000.0,10279000.0,11531000.0,11888000.0,16673000.0,18711000.0,21998000.0,27003000.0,22933000.0,21753000.0,24965000.0,28002000.0,28082000.0,29325000.0,31526000.0,30715000.0,30950000.0,32611000.0,35804000.0,39406000.0,5897000.0,,,,
MAF,"International tourism, number of arrivals",ST.INT.ARVL,,,,,,,,,,,,,,,,,,,,,,,,,,,,,,,,,,,,,,,,,,,,,,,,,,,,,,,,,,,,,,,,,
MAR,"International tourism, number of arrivals",ST.INT.ARVL,,,,,,,,,,,,,,,,,,,,,,,,,,,,,,,,,,,,2752000.0,2856000.0,3203000.0,3267000.0,4088000.0,4458000.0,4596000.0,4709000.0,5021000.0,5732000.0,6077000.0,6777000.0,7701000.0,8209000.0,8661000.0,9752000.0,9784000.0,9830000.0,10349000.0,10507000.0,10542000.0,10677000.0,11540000.0,12489000.0,13109000.0,2802000.0,,,,
MDA,"International tourism, number of arrivals",ST.INT.ARVL,,,,,,,,,,,,,,,,,,,,,,,,,,,,,,,,,,,,32000.0,29000.0,21000.0,19000.0,14000.0,18000.0,16000.0,18000.0,21000.0,69000.0,67000.0,63000.0,70000.0,73000.0,60000.0,64000.0,75000.0,89000.0,95599.9984741211,93900.0015258789,94400.0015258789,121000.0,145000.0,160000.0,174000.0,29000.0,,,,
MDG,"International tourism, number of arrivals",ST.INT.ARVL,,,,,,,,,,,,,,,,,,,,,,,,,,,,,,,,,,,,115000.0,,,,,,,,,,,,,,,,,,,,282000.0,333000.0,285000.0,360000.0,486000.0,87099.9984741211,,,,
MDV,"International tourism, number of arrivals",ST.INT.ARVL,,,,,,,,,,,,,,,,,,,,,,,,,,,,,,,,,,,,315000.0,339000.0,366000.0,396000.0,430000.0,467000.0,461000.0,485000.0,564000.0,617000.0,395000.0,602000.0,676000.0,683000.0,656000.0,792000.0,931000.0,958000.0,1125000.0,1205000.0,1234000.0,1286000.0,1390000.0,1484000.0,1703000.0,555000.0,,,,
MEX,"International tourism, number of arrivals",ST.INT.ARVL,,,,,,,,,,,,,,,,,,,,,,,,,,,,,,,,,,,,85446000.0,90394000.0,92915000.0,95214000.0,99869000.0,105673000.0,100718000.0,100153000.0,92330000.0,99250000.0,103146000.0,97701000.0,93582000.0,92948000.0,88044000.0,81953000.0,75732000.0,76749000.0,78100000.0,81042000.0,87129000.0,94853000.0,99349000.0,96497000.0,97406000.0,51128000.0,,,,
MHL,"International tourism, number of arrivals",ST.INT.ARVL,,,,,,,,,,,,,,,,,,,,,,,,,,,,,,,,,,,,5500.0,6199.99980926514,6400.00009536743,6400.00009536743,4599.99990463257,5199.99980926514,5400.00009536743,6000.0,7199.99980926514,9000.0,9199.99980926514,5800.00019073486,7199.99980926514,6000.0,5400.00009536743,4599.99990463257,4599.99990463257,4599.99990463257,,4900.00009536743,6300.00019073486,5400.00009536743,6000.0,6800.00019073486,6099.99990463257,,,,,
MKD,"International tourism, number of arrivals",ST.INT.ARVL,,,,,,,,,,,,,,,,,,,,,,,,,,,,,,,,,,,,147000.0,136000.0,121000.0,157000.0,181000.0,224000.0,99000.0,123000.0,158000.0,165000.0,197000.0,202000.0,230000.0,255000.0,259000.0,262000.0,327000.0,351000.0,400000.0,425000.0,486000.0,510000.0,631000.0,707000.0,758000.0,118000.0,,,,
MLI,"International tourism, number of arrivals",ST.INT.ARVL,,,,,,,,,,,,,,,,,,,,,,,,,,,,,,,,,,,,42000.0,98000.0,75000.0,83000.0,82000.0,86000.0,89000.0,96000.0,110000.0,113000.0,143000.0,153000.0,164000.0,190000.0,160000.0,169000.0,160000.0,134000.0,142000.0,168000.0,159000.0,173000.0,193000.0,203000.0,217000.0,,,,,
MLT,"International tourism, number of arrivals",ST.INT.ARVL,,,,,,,,,,,,,,,,,,,,,,,,,,,,,,,,,,,,1193000.0,1123000.0,1238000.0,1326000.0,1402000.0,1387000.0,1439000.0,1483000.0,1512000.0,1428000.0,1484000.0,1521000.0,1723000.0,1832000.0,1608000.0,1815000.0,1916000.0,2007000.0,2013000.0,2162000.0,2383000.0,2592000.0,2944000.0,3232000.0,3519000.0,718000.0,,,,
MMR,"International tourism, number of arrivals",ST.INT.ARVL,,,,,,,,,,,,,,,,,,,,,,,,,,,,,,,,,,,,194000.0,490000.0,491000.0,478000.0,435000.0,416000.0,475000.0,487000.0,597000.0,657000.0,660000.0,630000.0,716000.0,731000.0,763000.0,792000.0,816000.0,1059000.0,2044000.0,3081000.0,4681000.0,2907000.0,3443000.0,3551000.0,4364000.0,903000.0,,,,
MNE,"International tourism, number of arrivals",ST.INT.ARVL,,,,,,,,,,,,,,,,,,,,,,,,,,,,,,,,,,,,,,,,,,,136000.0,142000.0,188000.0,272000.0,378000.0,984000.0,1031000.0,1044000.0,1088000.0,1201000.0,1264000.0,1324000.0,1350000.0,1560000.0,1662000.0,1877000.0,2077000.0,2510000.0,351000.0,,,,
MNG,"International tourism, number of arrivals",ST.INT.ARVL,,,,,,,,,,,,,,,,,,,,,,,,,,,,,,,,,,,,108000.0,71000.0,82000.0,197000.0,160000.0,158000.0,192000.0,235000.0,205000.0,305000.0,345000.0,408000.0,455000.0,469000.0,465000.0,557000.0,627000.0,624000.0,515000.0,506000.0,467000.0,471000.0,543000.0,598000.0,637000.0,66900.0015258789,,,,
MNP,"International tourism, number of arrivals",ST.INT.ARVL,,,,,,,,,,,,,,,,,,,,,,,,,,,,,,,,,,,,676000.0,736000.0,695000.0,490000.0,502000.0,529000.0,444000.0,476000.0,459000.0,536000.0,507000.0,436000.0,389000.0,397000.0,354000.0,379000.0,341000.0,401000.0,439000.0,460000.0,479000.0,531000.0,660000.0,518000.0,487000.0,,,,,
MOZ,"International tourism, number of arrivals",ST.INT.ARVL,,,,,,,,,,,,,,,,,,,,,,,,,,,,,,,,,,,,,,,,,,404000.0,943000.0,726000.0,711000.0,954000.0,1095000.0,1259000.0,1439000.0,1711000.0,1836000.0,2013000.0,2206000.0,1970000.0,1751000.0,1634000.0,1715000.0,1514000.0,2870000.0,2033000.0,,,,,
MRT,"International tourism, number of arrivals",ST.INT.ARVL,,,,,,,,,,,,,,,,,,,,,,,,,,,,,,,,,,,,,,,,24000.0,30000.0,,,,,,,,,,,,,,,,,,,,,,,,
MUS,"International tourism, number of arrivals",ST.INT.ARVL,,,,,,,,,,,,,,,,,,,,,,,,,,,,,,,,,,,,437000.0,509000.0,558000.0,579000.0,600000.0,678000.0,675000.0,709000.0,721000.0,739000.0,782000.0,807000.0,933000.0,970000.0,890000.0,956000.0,983000.0,984000.0,1015000.0,1065000.0,1174000.0,1307000.0,1371000.0,1431000.0,1418000.0,316000.0,,,,
MWI,"International tourism, number of arrivals",ST.INT.ARVL,,,,,,,,,,,,,,,,,,,,,,,,,,,,,,,,,,,,192000.0,194000.0,207000.0,220000.0,254000.0,228000.0,266000.0,383000.0,424000.0,427000.0,438000.0,638000.0,735000.0,742000.0,755000.0,746000.0,767000.0,770000.0,795000.0,819000.0,805000.0,849000.0,837000.0,871000.0,,,,,,
MYS,"International tourism, number of arrivals",ST.INT.ARVL,,,,,,,,,,,,,,,,,,,,,,,,,,,,,,,,,,,,7469000.0,7138000.0,6211000.0,5551000.0,7931000.0,10222000.0,12775000.0,13292000.0,10577000.0,15703000.0,16431000.0,17547000.0,20973000.0,22052000.0,23646000.0,24577000.0,24714000.0,25033000.0,25715000.0,27437000.0,25721000.0,26757000.0,25948000.0,25832000.0,26101000.0,4333000.0,,,,
NAM,"International tourism, number of arrivals",ST.INT.ARVL,,,,,,,,,,,,,,,,,,,,,,,,,,,,,,,,,,,,421000.0,560000.0,610000.0,681000.0,694000.0,759000.0,700000.0,799000.0,739000.0,986000.0,856000.0,961000.0,1048000.0,1079000.0,1100000.0,1114000.0,1163000.0,1245000.0,1327000.0,1429000.0,1488000.0,1551000.0,1581000.0,1639000.0,1651000.0,187100.006103516,,,,
NCL,"International tourism, number of arrivals",ST.INT.ARVL,,,,,,,,,,,,,,,,,,,,,,,,,,,,,,,,,,,,86000.0,91000.0,105000.0,104000.0,100000.0,110000.0,101000.0,104000.0,102000.0,100000.0,101000.0,100000.0,103000.0,104000.0,99000.0,99000.0,112000.0,112000.0,108000.0,107000.0,114000.0,116000.0,121000.0,120000.0,130000.0,31000.0,,,,
NER,"International tourism, number of arrivals",ST.INT.ARVL,,,,,,,,,,,,,,,,,,,,,,,,,,,,,,,,,,,,35000.0,68000.0,68000.0,41000.0,39000.0,50000.0,52000.0,39000.0,55000.0,57000.0,58000.0,60000.0,48000.0,73000.0,66000.0,74000.0,82000.0,94000.0,123000.0,135000.0,135000.0,152000.0,164000.0,157000.0,192000.0,85000.0,,,,
NGA,"International tourism, number of arrivals",ST.INT.ARVL,,,,,,,,,,,,,,,,,,,,,,,,,,,,,,,,,,,,1031000.0,1230000.0,1292000.0,1357000.0,1425000.0,1492000.0,1753000.0,2046000.0,2253000.0,2646000.0,2778000.0,3056000.0,5239000.0,5820000.0,6053000.0,6113000.0,3765000.0,4673000.0,4038000.0,4803000.0,6017000.0,5265000.0,,,,,,,,
NIC,"International tourism, number of arrivals",ST.INT.ARVL,,,,,,,,,,,,,,,,,,,,,,,,,,,,,,,,,,,,341000.0,388000.0,453000.0,483000.0,530000.0,581000.0,584000.0,579000.0,646000.0,735000.0,804000.0,891000.0,978000.0,1011000.0,1010000.0,1071000.0,1122000.0,1233000.0,1273000.0,1390000.0,1456000.0,1596000.0,1958000.0,1412000.0,1455000.0,474000.0,,,,
NLD,"International tourism, number of arrivals",ST.INT.ARVL,,,,,,,,,,,,,,,,,,,,,,,,,,,,,,,,,,,,6574000.0,6580000.0,7841000.0,9312000.0,9874000.0,10003000.0,9500000.0,9595000.0,9181000.0,9646000.0,10012000.0,10739000.0,11008000.0,10104000.0,9921000.0,10883000.0,11300000.0,11680000.0,12783000.0,13925000.0,15007000.0,15828000.0,17924000.0,18780000.0,20129000.0,7265000.0,,,,
NOR,"International tourism, number of arrivals",ST.INT.ARVL,,,,,,,,,,,,,,,,,,,,,,,,,,,,,,,,,,,,2880000.0,2746000.0,2702000.0,3256000.0,3223000.0,3104000.0,3073000.0,3111000.0,3269000.0,3628000.0,3824000.0,4070000.0,4377000.0,4347000.0,4346000.0,4767000.0,4963000.0,4538000.0,4778000.0,4855000.0,5361000.0,5960000.0,6252000.0,5688000.0,5879000.0,1397000.0,,,,
NPL,"International tourism, number of arrivals",ST.INT.ARVL,,,,,,,,,,,,,,,,,,,,,,,,,,,,,,,,,,,,363000.0,394000.0,422000.0,464000.0,492000.0,464000.0,361000.0,275000.0,338000.0,385000.0,375000.0,384000.0,527000.0,500000.0,510000.0,603000.0,736000.0,803000.0,798000.0,790000.0,539000.0,753000.0,940000.0,1173000.0,1197000.0,230000.0,,,,
NZL,"International tourism, number of arrivals",ST.INT.ARVL,,,,,,,,,,,,,,,,,,,,,,,,,,,,,,,,,,,,1409000.0,1529000.0,1497000.0,1485000.0,1607000.0,1787000.0,1909000.0,2045000.0,2104000.0,2334000.0,2366000.0,2409000.0,2455000.0,2483000.0,2473000.0,2530000.0,2617000.0,2574000.0,2710000.0,2854000.0,3129000.0,3494000.0,3723000.0,3858000.0,3888000.0,996000.0,,,,
OMN,"International tourism, number of arrivals",ST.INT.ARVL,,,,,,,,,,,,,,,,,,,,,,,,,,,,,,,,,,,,,,,,,,1095000.0,1112000.0,1210000.0,1407000.0,1101000.0,1385000.0,1360000.0,1540000.0,1584000.0,1500000.0,1393000.0,1714000.0,1923000.0,2225000.0,2634000.0,3207000.0,3178000.0,3242000.0,3506000.0,869000.0,,,,
PAK,"International tourism, number of arrivals",ST.INT.ARVL,,,,,,,,,,,,,,,,,,,,,,,,,,,,,,,,,,,,378000.0,369000.0,375000.0,429000.0,432000.0,557000.0,500000.0,498000.0,501000.0,648000.0,798000.0,898000.0,840000.0,823000.0,855000.0,907000.0,1161000.0,966000.0,,,,,,,,,,,,
PAN,"International tourism, number of arrivals",ST.INT.ARVL,,,,,,,,,,,,,,,,,,,,,,,,,,,,,,,,,,,,417000.0,443000.0,504000.0,529000.0,555000.0,600000.0,737000.0,800000.0,897000.0,1004000.0,1070000.0,1215000.0,1428000.0,1575000.0,1562000.0,1726000.0,2004000.0,2086000.0,2202000.0,2305000.0,2553000.0,2379000.0,2517000.0,2487000.0,2494000.0,647000.0,,,,
PER,"International tourism, number of arrivals",ST.INT.ARVL,,,,,,,,,,,,,,,,,,,,,,,,,,,,,,,,,,,,,,,,,,,,,1650000.0,1938000.0,2227000.0,2451000.0,2581000.0,2681000.0,2948000.0,3299000.0,3642000.0,4010000.0,4062000.0,4381000.0,4718000.0,4992000.0,5384000.0,5275000.0,1119000.0,,,,
PHL,"International tourism, number of arrivals",ST.INT.ARVL,,,,,,,,,,,,,,,,,,,,,,,,,,,,,,,,,,,,1760000.0,2049000.0,2223000.0,2149000.0,2171000.0,1992000.0,1797000.0,1933000.0,1907000.0,2291000.0,2623000.0,2843000.0,3092000.0,3139000.0,3017000.0,3520000.0,3917000.0,4273000.0,4681000.0,4833000.0,5361000.0,5967000.0,6621000.0,7168000.0,8261000.0,1483000.0,,,,
PLW,"International tourism, number of arrivals",ST.INT.ARVL,,,,,,,,,,,,,,,,,,,,,,,,,,,,,,,,,,,,53000.0,69000.0,74000.0,64000.0,55000.0,58000.0,54000.0,59000.0,63000.0,89000.0,81000.0,82000.0,88000.0,81000.0,71000.0,85000.0,111000.0,120000.0,108000.0,140000.0,162000.0,138000.0,123000.0,106000.0,94000.0,18399.9996185303,,,,
PNG,"International tourism, number of arrivals",ST.INT.ARVL,,,,,,,,,,,,,,,,,,,,,,,,,,,,,,,,,,,,,,,,,,,,,,,,,120000.0,126000.0,146000.0,165000.0,175000.0,182000.0,191000.0,199000.0,198000.0,182000.0,195000.0,211000.0,39000.0,,,,
POL,"International tourism, number of arrivals",ST.INT.ARVL,,,,,,,,,,,,,,,,,,,,,,,,,,,,,,,,,,,,82244000.0,87439000.0,87817000.0,88592000.0,89118000.0,84515000.0,61431000.0,50735000.0,52130000.0,61918000.0,64606000.0,65115000.0,66208000.0,59935000.0,53840000.0,58340000.0,60745000.0,67390000.0,72310000.0,73750000.0,77743000.0,80476000.0,83804000.0,85946000.0,88515000.0,,,,,
PRI,"International tourism, number of arrivals",ST.INT.ARVL,,,,,,,,,,,,,,,,,,,,,,,,,,,,,,,,,,,,4087000.0,4110000.0,4350000.0,4671000.0,4221000.0,4566000.0,4908000.0,4364000.0,4402000.0,4889000.0,5073000.0,5022000.0,5062000.0,5213000.0,4415000.0,4379000.0,4214000.0,4197000.0,4210000.0,4456000.0,5051000.0,5003000.0,4927000.0,4260000.0,4931000.0,3882000.0,,,,
PRK,"International tourism, number of arrivals",ST.INT.ARVL,,,,,,,,,,,,,,,,,,,,,,,,,,,,,,,,,,,,,,,,,,,,,,,,,,,,,,,,,,,,,,,,,
PRT,"International tourism, number of arrivals",ST.INT.ARVL,,,,,,,,,,,,,,,,,,,,,,,,,,,,,,,,,,,,9511000.0,9730000.0,10172000.0,11295000.0,11632000.0,12097000.0,12167000.0,11644000.0,11707000.0,10639000.0,10612000.0,11282000.0,6788000.0,6962000.0,6439000.0,6756000.0,7264000.0,7503000.0,9177000.0,10497000.0,11723000.0,13359000.0,15432000.0,16186000.0,17283000.0,4208000.0,,,,
PRY,"International tourism, number of arrivals",ST.INT.ARVL,,,,,,,,,,,,,,,,,,,,,,,,,,,,,,,,,,,,15678000.0,12868000.0,10955000.0,9818000.0,6569000.0,3924000.0,3550000.0,3194000.0,2859000.0,2589000.0,2648000.0,2830000.0,3005000.0,3118000.0,3183000.0,3171000.0,3365000.0,3655000.0,3538000.0,3455000.0,4102000.0,4318000.0,4744000.0,4183000.0,4368000.0,1077000.0,,,,
PSE,"International tourism, number of arrivals",ST.INT.ARVL,,,,,,,,,,,,,,,,,,,,,,,,,,,,,,,,,,,,,220000.0,210000.0,200000.0,300000.0,310000.0,43000.0,33000.0,37000.0,56000.0,88000.0,123000.0,264000.0,387000.0,396000.0,522000.0,449000.0,490000.0,545000.0,556000.0,432000.0,400000.0,503000.0,606000.0,688000.0,93000.0,,,,
PYF,"International tourism, number of arrivals",ST.INT.ARVL,,,,,,,,,,,,,,,,,,,,,,,,,,,,,,,,,,,,186000.0,184000.0,201000.0,211000.0,236000.0,,,,,,,,243000.0,227000.0,190000.0,179000.0,196000.0,210000.0,214000.0,228000.0,239000.0,241000.0,254000.0,264000.0,300000.0,89400.0015258789,,,,
QAT,"International tourism, number of arrivals",ST.INT.ARVL,,,,,,,,,,,,,,,,,,,,,,,,,,,,,,,,,,,,,,,,,,,,,,,,,,1482000.0,1700000.0,2057000.0,2324000.0,2612000.0,2839000.0,2941000.0,2938000.0,2256000.0,1819000.0,2136500.0,582000.0,,,,
ROU,"International tourism, number of arrivals",ST.INT.ARVL,,,,,,,,,,,,,,,,,,,,,,,,,,,,,,,,,,,,5445000.0,5205000.0,5149000.0,4831000.0,5224000.0,5264000.0,4938000.0,4794000.0,5595000.0,6600000.0,5839000.0,6037000.0,7722000.0,8862000.0,7575000.0,7498000.0,7611000.0,7937000.0,8019000.0,8442000.0,9331000.0,10223000.0,10926000.0,11720000.0,12815000.0,5023000.0,,,,
RUS,"International tourism, number of arrivals",ST.INT.ARVL,,,,,,,,,,,,,,,,,,,,,,,,,,,,,,,,,,,,10290000.0,16208000.0,17463000.0,16188000.0,18820000.0,21169000.0,21595000.0,23309000.0,22521000.0,22064000.0,22201000.0,22486000.0,22909000.0,23676000.0,21339000.0,22281000.0,24932000.0,28177000.0,30792000.0,32421000.0,33729000.0,24571000.0,24390000.0,24551000.0,24419000.0,6359000.0,,,,
RWA,"International tourism, number of arrivals",ST.INT.ARVL,,,,,,,,,,,,,,,,,,,,,,,,,,,,,,,,,,,,,,,,,,,,,,,531000.0,610000.0,669000.0,664000.0,667000.0,908000.0,1061000.0,1122000.0,1220000.0,1298000.0,1377000.0,1570000.0,1711000.0,1634000.0,,,,,
SAU,"International tourism, number of arrivals",ST.INT.ARVL,,,,,,,,,,,,,,,,,,,,,,,,,,,,,,,,,,,,4398000.0,,,,,,,,,11083000.0,10417000.0,10962000.0,13479000.0,17717000.0,13319000.0,13025000.0,15776000.0,19847000.0,19934000.0,23010000.0,21834000.0,20887000.0,18607000.0,17570000.0,20292000.0,,,,,
SDN,"International tourism, number of arrivals",ST.INT.ARVL,,,,,,,,,,,,,,,,,,,,,,,,,,,,,,,,,,,,29000.0,38000.0,30000.0,36000.0,39000.0,38000.0,50000.0,52000.0,52000.0,61000.0,246000.0,328000.0,436000.0,440000.0,420000.0,495000.0,536000.0,575000.0,591000.0,684000.0,741000.0,800000.0,813000.0,836000.0,,,,,,
SEN,"International tourism, number of arrivals",ST.INT.ARVL,,,,,,,,,,,,,,,,,,,,,,,,,,,,,,,,,,,,,,,,,,,,502000.0,677000.0,779000.0,876000.0,879000.0,877000.0,815000.0,906000.0,977000.0,967000.0,1069000.0,976000.0,1014000.0,1219000.0,1376000.0,,,,,,,
SGP,"International tourism, number of arrivals",ST.INT.ARVL,,,,,,,,,,,,,,,,,,,,,,,,,,,,,,,,,,,,7137000.0,7292000.0,7198000.0,6242000.0,6958000.0,7691000.0,7522000.0,7567000.0,6127000.0,8329000.0,8943000.0,9751000.0,10285000.0,10116000.0,9683000.0,11642000.0,13171000.0,14496000.0,15568000.0,15095000.0,15231500.0,16403000.0,17425000.0,18508000.0,19116000.0,2742000.0,,,,
SLB,"International tourism, number of arrivals",ST.INT.ARVL,,,,,,,,,,,,,,,,,,,,,,,,,,,,,,,,,,,,11800.0001907349,10300.0001907349,13800.0001907349,15800.0001907349,,5199.99980926514,,,6599.99990463257,5599.99990463257,9399.99961853027,11500.0,13699.9998092651,16299.9992370605,18299.9992370605,20500.0,22899.9996185303,23899.9996185303,24399.9996185303,20100.0003814697,21600.0003814697,23200.0007629395,25700.0007629395,27899.9996185303,28899.9996185303,4400.00009536743,,,,
SLE,"International tourism, number of arrivals",ST.INT.ARVL,,,,,,,,,,,,,,,,,,,,,,,,,,,,,,,,,,,,,,,,,,,,,,,,,,,,,75000.0,95000.0,53000.0,31000.0,60000.0,59000.0,66000.0,71000.0,,,,,
SLV,"International tourism, number of arrivals",ST.INT.ARVL,,,,,,,,,,,,,,,,,,,,,,,,,,,,,,,,,,,,,,,,,867000.0,804000.0,885000.0,798000.0,1030000.0,1306000.0,1501000.0,1720000.0,1875000.0,1482000.0,1606000.0,1634000.0,1738000.0,1822000.0,1886000.0,1973000.0,2052000.0,2247000.0,2536000.0,2639000.0,707000.0,,,,
SOM,"International tourism, number of arrivals",ST.INT.ARVL,,,,,,,,,,,,,,,,,,,,,,,,,,,,,,,,,,,,,,,,,,,,,,,,,,,,,,,,,,,,,,,,,
SRB,"International tourism, number of arrivals",ST.INT.ARVL,,,,,,,,,,,,,,,,,,,,,,,,,,,,,,,,,,,,,,,,,,,312000.0,339000.0,392000.0,453000.0,469000.0,696000.0,646000.0,645000.0,683000.0,764000.0,810000.0,922000.0,1029000.0,1132000.0,1281000.0,1497000.0,1711000.0,1847000.0,446000.0,,,,
SSD,"International tourism, number of arrivals",ST.INT.ARVL,,,,,,,,,,,,,,,,,,,,,,,,,,,,,,,,,,,,,,,,,,,,,,,,,,,,,,,,,,,,,,,,,
STP,"International tourism, number of arrivals",ST.INT.ARVL,,,,,,,,,,,,,,,,,,,,,,,,,,,,,,,,,,,,6199.99980926514,6400.00009536743,4800.00019073486,5599.99990463257,5800.00019073486,7099.99990463257,7500.0,9199.99980926514,10000.0,10600.0003814697,15800.0001907349,12300.0001907349,11800.0001907349,14500.0,15199.9998092651,8000.0,12199.9998092651,,,,25600.0003814697,28899.9996185303,28899.9996185303,33400.0015258789,,,,,,
SUR,"International tourism, number of arrivals",ST.INT.ARVL,,,,,,,,,,,,,,,,,,,,,,,,,,,,,,,,,,,,69000.0,74000.0,78000.0,70000.0,72000.0,72000.0,68000.0,,100000.0,,,154000.0,167000.0,151000.0,151000.0,206000.0,221000.0,240000.0,250000.0,253000.0,229000.0,257000.0,279000.0,,,,,,,
SVK,"International tourism, number of arrivals",ST.INT.ARVL,,,,,,,,,,,,,,,,,,,,,,,,,,,,,,,,,,,,,,,,,,,,,,,,,,,,,,12583000.0,11556000.0,14936000.0,17376000.0,15406000.0,15299000.0,,,,,,
SVN,"International tourism, number of arrivals",ST.INT.ARVL,,,,,,,,,,,,,,,,,,,,,,,,,,,,,,,,,,,,732000.0,832000.0,974000.0,977000.0,884000.0,1090000.0,1219000.0,1302000.0,1373000.0,1499000.0,1555000.0,1617000.0,1751000.0,1958000.0,1824000.0,2049000.0,2236000.0,2377000.0,2502000.0,2675000.0,3022000.0,3397000.0,3991000.0,4425000.0,4702000.0,1216000.0,,,,
SWE,"International tourism, number of arrivals",ST.INT.ARVL,,,,,,,,,,,,,,,,,,,,,,,,,,,,,,,,,,,,2310000.0,2376000.0,2388000.0,2573000.0,2595000.0,3828000.0,4108000.0,4276000.0,4268000.0,4676000.0,4883000.0,4729000.0,5224000.0,4555000.0,4899000.0,5183000.0,11567000.0,12372000.0,10980000.0,10522000.0,6482000.0,6782000.0,7054000.0,7440000.0,7616000.0,1957000.0,,,,
SWZ,"International tourism, number of arrivals",ST.INT.ARVL,,,,,,,,,,,,,,,,,,,,,,,,,,,,,,,,,,,,,1337000.0,1635000.0,986000.0,1253000.0,1151000.0,1312000.0,1371000.0,1543000.0,,1182000.0,1200000.0,1230000.0,1186000.0,1344000.0,1343000.0,1328000.0,1278000.0,1299000.0,1325000.0,1256000.0,1279000.0,1343000.0,1277000.0,1226000.0,345299.987792969,,,,
SXM,"International tourism, number of arrivals",ST.INT.ARVL,,,,,,,,,,,,,,,,,,,,,,,,,,,,,,,,,,,,1024000.0,1022000.0,1325000.0,1339000.0,1061000.0,1300000.0,1271000.0,1436000.0,1600000.0,1823000.0,1956000.0,1890000.0,1891000.0,1821000.0,1655000.0,1956000.0,2080000.0,2210000.0,2253000.0,2502000.0,2407000.0,2197000.0,1640000.0,1775000.0,1952000.0,,,,,
SYC,"International tourism, number of arrivals",ST.INT.ARVL,,,,,,,,,,,,,,,,,,,,,,,,,,,,,,,,,,,,127000.0,142000.0,136000.0,134000.0,130000.0,140000.0,138000.0,135000.0,127000.0,126000.0,135000.0,151000.0,171000.0,173000.0,178000.0,191000.0,210000.0,216000.0,237000.0,239000.0,296000.0,333000.0,382000.0,405000.0,428000.0,124500.0,,,,
SYR,"International tourism, number of arrivals",ST.INT.ARVL,,,,,,,,,,,,,,,,,,,,,,,,,,,,,,,,,,,,2253000.0,2435000.0,2332000.0,2464000.0,2682000.0,3412000.0,3671000.0,4678000.0,4837000.0,6334000.0,5859000.0,5682000.0,5434000.0,6951000.0,7721000.0,10970000.0,6476000.0,,,,,1043000.0,1291000.0,1802000.0,2424000.0,,,,,
TCA,"International tourism, number of arrivals",ST.INT.ARVL,,,,,,,,,,,,,,,,,,,,,,,,,,,,,,,,,,,,,,,,,,,,,,,,,757000.0,865000.0,899000.0,1010000.0,968000.0,1069000.0,1330000.0,1316000.0,1296000.0,1243000.0,1463000.0,1599000.0,370399.993896484,,,,
TCD,"International tourism, number of arrivals",ST.INT.ARVL,,,,,,,,,,,,,,,,,,,,,,,,,,,,,,,,,,,,19000.0,20000.0,27000.0,41000.0,46000.0,43000.0,57000.0,32000.0,21000.0,26000.0,29000.0,46000.0,77000.0,61000.0,70000.0,71000.0,77000.0,86000.0,97000.0,119000.0,120000.0,98000.0,87000.0,63000.0,81000.0,10399.9996185303,,,,
TGO,"International tourism, number of arrivals",ST.INT.ARVL,,,,,,,,,,,,,,,,,,,,,,,,,,,,,,,,,,,,53000.0,58000.0,92000.0,69000.0,70000.0,60000.0,57000.0,58000.0,61000.0,83000.0,81000.0,94000.0,86000.0,74000.0,150000.0,202000.0,300000.0,235000.0,327000.0,282000.0,273000.0,338000.0,514000.0,573000.0,876000.0,482000.0,,,,
THA,"International tourism, number of arrivals",ST.INT.ARVL,,,,,,,,,,,,,,,,,,,,,,,,,,,,,,,,,,,,6952000.0,7244000.0,7294000.0,7843000.0,8651000.0,9579000.0,10133000.0,10873000.0,10082000.0,11737000.0,11567000.0,13822000.0,14464000.0,14584000.0,14150000.0,15936000.0,19230000.0,22354000.0,26547000.0,24810000.0,29923000.0,32530000.0,35592000.0,38178000.0,39916000.0,,,,,
TJK,"International tourism, number of arrivals",ST.INT.ARVL,,,,,,,,,,,,,,,,,,,,,,,,,,,,,,,,,,,,,699.999988079071,2099.99990463257,3200.00004768372,4500.0,7699.99980926514,5199.99980926514,,,,,,,325000.0,207000.0,160000.0,183000.0,244000.0,208000.0,213000.0,414000.0,344000.0,431000.0,1035000.0,,,,,,
TKM,"International tourism, number of arrivals",ST.INT.ARVL,,,,,,,,,,,,,,,,,,,,,,,,,,,,,,,,,,,,233000.0,282000.0,332000.0,380000.0,,,,,,,,,,,,,,,,,,,,,,,,,,
TLS,"International tourism, number of arrivals",ST.INT.ARVL,,,,,,,,,,,,,,,,,,,,,,,,,,,,,,,,,,,,,,,,,,,,,,,14000.0,22000.0,36000.0,44000.0,40000.0,51000.0,58000.0,79000.0,60000.0,61599.9984741211,65599.9984741211,73900.0015258789,74599.9984741211,74800.0030517578,,,,,
TON,"International tourism, number of arrivals",ST.INT.ARVL,,,,,,,,,,,,,,,,,,,,,,,,,,,,,,,,,,,,33000.0,31000.0,29000.0,35000.0,44000.0,43000.0,38000.0,45000.0,51000.0,51000.0,60000.0,54000.0,65000.0,65000.0,74699.9969482422,65000.0,68400.0015258789,57200.0007629395,59700.0007629395,65800.0030517578,72599.9984741211,86699.9969482422,86599.9984741211,77300.0030517578,94000.0,,,,,
TTO,"International tourism, number of arrivals",ST.INT.ARVL,,,,,,,,,,,,,,,,,,,,,,,,,,,,,,,,,,,,282000.0,317000.0,360000.0,377000.0,421000.0,503000.0,468000.0,451000.0,474000.0,501000.0,529000.0,534000.0,531000.0,482000.0,534000.0,490000.0,491000.0,504000.0,467000.0,455000.0,519000.0,492000.0,465000.0,501000.0,480000.0,141000.0,,,,
TUN,"International tourism, number of arrivals",ST.INT.ARVL,,,,,,,,,,,,,,,,,,,,,,,,,,,,,,,,,,,,4120000.0,3885000.0,4263000.0,4718000.0,4832000.0,5058000.0,5387000.0,5064000.0,5114000.0,5998000.0,6378000.0,6550000.0,6762000.0,7050000.0,7797000.0,7828000.0,5746000.0,6999000.0,7352000.0,7163000.0,5359000.0,5724000.0,7052000.0,8299000.0,9429000.0,2012000.0,,,,
TUR,"International tourism, number of arrivals",ST.INT.ARVL,,,,,,,,,,,,,,,,,,,,,,,,,,,,,,,,,,,,7727000.0,8614000.0,9689000.0,9753000.0,7487000.0,10428000.0,11619000.0,13256000.0,14030000.0,17517000.0,21125000.0,19820000.0,27215000.0,31138000.0,31760000.0,32997000.0,36769000.0,37715000.0,39861000.0,41627000.0,41114000.0,30907000.0,37970000.0,46113000.0,51747000.0,15971000.0,,,,
TUV,"International tourism, number of arrivals",ST.INT.ARVL,,,,,,,,,,,,,,,,,,,,,,,,,,,,,,,,,,,,899.999976158142,1000.0,1000.0,1000.0,1100.00002384186,1100.00002384186,1100.00002384186,1299.99995231628,1399.99997615814,1299.99995231628,1100.00002384186,1100.00002384186,1100.00002384186,1700.00004768372,1600.00002384186,1700.00004768372,1200.00004768372,1100.00002384186,1299.99995231628,1399.99997615814,2400.00009536743,2500.0,2500.0,3200.00004768372,3599.99990463257,,,,,
TZA,"International tourism, number of arrivals",ST.INT.ARVL,,,,,,,,,,,,,,,,,,,,,,,,,,,,,,,,,,,,295000.0,326000.0,360000.0,482000.0,627000.0,501000.0,525000.0,575000.0,576000.0,583000.0,613000.0,644000.0,719000.0,770000.0,714000.0,783000.0,868000.0,1077000.0,1096000.0,1140000.0,1137000.0,1284000.0,1327000.0,1506000.0,1527000.0,,,,,
UGA,"International tourism, number of arrivals",ST.INT.ARVL,,,,,,,,,,,,,,,,,,,,,,,,,,,,,,,,,,,,160000.0,174000.0,175000.0,195000.0,189000.0,193000.0,205000.0,254000.0,305000.0,512000.0,468000.0,539000.0,642000.0,844000.0,807000.0,946000.0,1151000.0,1197000.0,1206000.0,1266000.0,1303000.0,1323000.0,1402000.0,1506000.0,1543000.0,473000.0,,,,
UKR,"International tourism, number of arrivals",ST.INT.ARVL,,,,,,,,,,,,,,,,,,,,,,,,,,,,,,,,,,,,6127000.0,6750000.0,14743000.0,12003000.0,10990000.0,11691000.0,11877000.0,12793000.0,15161000.0,18583000.0,20489000.0,21714000.0,26162000.0,28827000.0,24033000.0,24114000.0,24535000.0,25061000.0,26025000.0,13227000.0,13025000.0,13734000.0,14579000.0,14342000.0,13710000.0,3382000.0,,,,
URY,"International tourism, number of arrivals",ST.INT.ARVL,,,,,,,,,,,,,,,,,,,,,,,,,,,,,,,,,,,,2177000.0,2258000.0,2463000.0,2324000.0,2273000.0,2236000.0,2136000.0,1354000.0,1508000.0,1871000.0,1917000.0,1824000.0,1815000.0,2255000.0,2303000.0,2708000.0,3244000.0,3155000.0,3242000.0,3195000.0,3286000.0,3632000.0,4219000.0,3954000.0,3480000.0,,,,,
USA,"International tourism, number of arrivals",ST.INT.ARVL,,,,,,,,,,,,,,,,,,,,,,,,,,,,,,,,,,,,79732000.0,82756000.0,82525000.0,74767000.0,75796000.0,78343000.0,70975000.0,64434000.0,62082000.0,67606000.0,71484000.0,183178000.0,175299000.0,175703000.0,160508000.0,162275000.0,147271421.875,171629890.625,179309906.25,178311359.375,176864531.25,175261484.375,174291750.0,169324921.875,165478000.0,45037000.0,,,,
UZB,"International tourism, number of arrivals",ST.INT.ARVL,,,,,,,,,,,,,,,,,,,,,,,,,,,,,,,,,,,,92000.0,173000.0,960000.0,811000.0,487000.0,302000.0,345000.0,332000.0,231000.0,262000.0,242000.0,560000.0,903000.0,1069000.0,1215000.0,975000.0,1393000.0,1895000.0,1969000.0,1862000.0,1918000.0,2027000.0,2690000.0,5346000.0,6749000.0,,,,,
VCT,"International tourism, number of arrivals",ST.INT.ARVL,,,,,,,,,,,,,,,,,,,,,,,,,,,,,,,,,,,,218000.0,216000.0,200000.0,202000.0,223000.0,256000.0,254000.0,247000.0,242000.0,262000.0,256000.0,306000.0,328000.0,250000.0,271000.0,231000.0,208000.0,200000.0,200000.0,205000.0,207000.0,227000.0,303000.0,356000.0,392000.0,,,,,
VEN,"International tourism, number of arrivals",ST.INT.ARVL,,,,,,,,,,,,,,,,,,,,,,,,,,,,,,,,,,,,879000.0,960000.0,933000.0,813000.0,702000.0,602000.0,792000.0,590000.0,435000.0,618000.0,846000.0,883000.0,898000.0,702000.0,567000.0,535000.0,625000.0,1061000.0,1085000.0,967000.0,882000.0,681000.0,429000.0,,,,,,,
VGB,"International tourism, number of arrivals",ST.INT.ARVL,,,,,,,,,,,,,,,,,,,,,,,,,,,,,,,,,,,,219000.0,244000.0,244000.0,279000.0,284000.0,272000.0,296000.0,282000.0,278000.0,304000.0,337000.0,356000.0,358000.0,346000.0,309000.0,330000.0,338000.0,351000.0,366000.0,386000.0,393000.0,408000.0,335000.0,192000.0,302399.993896484,83000.0,,,,
VIR,"International tourism, number of arrivals",ST.INT.ARVL,,,,,,,,,,,,,,,,,,,,,,,,,,,,,,,,,,,,1741000.0,1779000.0,2128000.0,2139000.0,1964000.0,2396000.0,2497000.0,2337000.0,2395000.0,2620000.0,2602000.0,2571000.0,2606000.0,2435000.0,2245000.0,2531000.0,2686000.0,2640000.0,2702000.0,2814000.0,2643000.0,2574000.0,1954000.0,1922000.0,2074000.0,8612000.0,,,,
VNM,"International tourism, number of arrivals",ST.INT.ARVL,,,,,,,,,,,,,,,,,,,,,,,,,,,,,,,,,,,,1351000.0,1607000.0,1716000.0,1520000.0,1782000.0,2140000.0,2330000.0,2628000.0,2429000.0,2928000.0,3477000.0,3583000.0,4229000.0,4236000.0,3747000.0,5050000.0,6014000.0,6848000.0,7572000.0,7874000.0,7944000.0,10013000.0,12922000.0,15498000.0,18009000.0,3837000.0,,,,
VUT,"International tourism, number of arrivals",ST.INT.ARVL,,,,,,,,,,,,,,,,,,,,,,,,,,,,,,,,,,,,82000.0,103000.0,81000.0,78000.0,96000.0,106000.0,106000.0,99000.0,102000.0,99000.0,126000.0,154000.0,167000.0,196600.006103516,225500.0,237699.996948242,248899.993896484,321000.0,357000.0,329000.0,287000.0,351600.006103516,332700.012207031,350200.012207031,256000.0,82400.0015258789,,,,
WSM,"International tourism, number of arrivals",ST.INT.ARVL,,,,,,,,,,,,,,,,,,,,,,,,,,,,,,,,,,,,,,,,,,,,,,,116000.0,122000.0,122000.0,129000.0,130000.0,128000.0,135000.0,125000.0,132000.0,139000.0,146000.0,158000.0,172000.0,181000.0,23899.9996185303,,,,
YEM,"International tourism, number of arrivals",ST.INT.ARVL,,,,,,,,,,,,,,,,,,,,,,,,,,,,,,,,,,,,,,,,,,,,,,,,,,,1035000.0,1175000.0,1282000.0,1323000.0,1218000.0,398000.0,,,,,,,,,
ZAF,"International tourism, number of arrivals",ST.INT.ARVL,,,,,,,,,,,,,,,,,,,,,,,,,,,,,,,,,,,,4684000.0,5186000.0,5170000.0,5898000.0,6026000.0,6001000.0,5908000.0,6550000.0,6640000.0,6815000.0,7518000.0,8509000.0,9208000.0,9729000.0,9532000.0,11303000.0,12097000.0,13069000.0,14318000.0,14530000.0,13952000.0,15121000.0,14975000.0,15004000.0,14797000.0,3886600.09765625,,,,
ZMB,"International tourism, number of arrivals",ST.INT.ARVL,,,,,,,,,,,,,,,,,,,,,,,,,,,,,,,,,,,,163000.0,264000.0,341000.0,362000.0,404000.0,457000.0,492000.0,565000.0,413000.0,515000.0,669000.0,757000.0,897000.0,812000.0,710000.0,815000.0,920000.0,859000.0,915000.0,947000.0,932000.0,956000.0,1009000.0,1072000.0,1266000.0,502000.0,,,,
ZWE,"International tourism, number of arrivals",ST.INT.ARVL,,,,,,,,,,,,,,,,,,,,,,,,,,,,,,,,,,,,1416000.0,1597000.0,1336000.0,2090000.0,2250000.0,1967000.0,2217000.0,2041000.0,2256000.0,1854000.0,1559000.0,2287000.0,2506000.0,1956000.0,2017000.0,2239000.0,2423000.0,1794000.0,1833000.0,1880000.0,2057000.0,2168000.0,2423000.0,2580000.0,2294000.0,639000.0,,,,
